{
    "openapi": "3.0.0",
    "info": {
        "title": "API de Juegos",
        "description": "Documentación oficial de la API",
        "version": "1.0.0"
    },
    "paths": {
        "/api/v1/login": {
            "post": {
                "tags": [
                    "Authentication"
                ],
                "summary": "Iniciar sesión de usuario",
                "description": "Permite a un usuario autenticarse con su email y contraseña para obtener un token de acceso",
                "operationId": "b9b760991d94b179960cd7ddc93eedf2",
                "requestBody": {
                    "required": true,
                    "content": {
                        "application/json": {
                            "schema": {
                                "required": [
                                    "email",
                                    "password"
                                ],
                                "properties": {
                                    "email": {
                                        "type": "string",
                                        "format": "email",
                                        "example": "anna@gmail.com"
                                    },
                                    "password": {
                                        "type": "string",
                                        "format": "password",
                                        "example": "12345678"
                                    }
                                },
                                "type": "object"
                            }
                        }
                    }
                },
                "responses": {
                    "200": {
                        "description": "Login exitoso, devuelve el usuario y el token de acceso",
                        "content": {
                            "application/json": {
                                "schema": {
                                    "properties": {
                                        "message": {
                                            "type": "string",
                                            "example": "Login exitoso"
                                        },
                                        "user": {
                                            "properties": {
                                                "id": {
                                                    "type": "integer",
                                                    "example": 13
                                                },
                                                "name": {
                                                    "type": "string",
                                                    "example": "anna"
                                                },
                                                "email": {
                                                    "type": "string",
                                                    "example": "anna@gmail.com"
                                                },
                                                "scores": {
                                                    "type": "array",
                                                    "items": {
                                                        "properties": {
                                                            "id": {
                                                                "type": "integer",
                                                                "example": 37
                                                            },
                                                            "score": {
                                                                "type": "integer",
                                                                "example": 100
                                                            },
                                                            "game_id": {
                                                                "type": "integer",
                                                                "example": 1
                                                            },
                                                            "user_id": {
                                                                "type": "integer",
                                                                "example": 13
                                                            }
                                                        },
                                                        "type": "object"
                                                    }
                                                }
                                            },
                                            "type": "object"
                                        },
                                        "token": {
                                            "type": "string",
                                            "example": "64|IgvDTlML2k3j8f9g8h7j6k5l4m3n2o1p0q"
                                        }
                                    },
                                    "type": "object"
                                }
                            }
                        }
                    },
                    "401": {
                        "description": "Credenciales incorrectas",
                        "content": {
                            "application/json": {
                                "schema": {
                                    "properties": {
                                        "message": {
                                            "type": "string",
                                            "example": "Credenciales incorrectas"
                                        }
                                    },
                                    "type": "object"
                                }
                            }
                        }
                    }
                }
            }
        },
        "/api/v1/register": {
            "post": {
                "tags": [
                    "Authentication"
                ],
                "summary": "Registro de usuario",
                "description": "Se registra un nuevo usuario con nombre, email y contraseña. Crea puntuaciones iniciales para todos los juegos existentes en 0.",
                "operationId": "38e3071463848ba373dfeae5623cdfa4",
                "requestBody": {
                    "required": true,
                    "content": {
                        "application/json": {
                            "schema": {
                                "required": [
                                    "name",
                                    "email",
                                    "password",
                                    "password_confirmation"
                                ],
                                "properties": {
                                    "name": {
                                        "type": "string",
                                        "example": "anna"
                                    },
                                    "email": {
                                        "type": "string",
                                        "format": "email",
                                        "example": "anna@gmail.com"
                                    },
                                    "password": {
                                        "type": "string",
                                        "format": "password",
                                        "example": "12345678"
                                    },
                                    "password_confirmation": {
                                        "type": "string",
                                        "format": "password",
                                        "example": "12345678"
                                    }
                                },
                                "type": "object"
                            }
                        }
                    }
                },
                "responses": {
                    "201": {
                        "description": "Registro exitoso, devuelve el usuario y el token de acceso",
                        "content": {
                            "application/json": {
                                "schema": {
                                    "properties": {
                                        "message": {
                                            "type": "string",
                                            "example": "Registro exitoso"
                                        },
                                        "user": {
                                            "properties": {
                                                "id": {
                                                    "type": "integer",
                                                    "example": 13
                                                },
                                                "name": {
                                                    "type": "string",
                                                    "example": "anna"
                                                },
                                                "email": {
                                                    "type": "string",
                                                    "example": "anna@gmail.com"
                                                },
                                                "scores": {
                                                    "type": "array",
                                                    "items": {
                                                        "properties": {
                                                            "id": {
                                                                "type": "integer",
                                                                "example": 37
                                                            },
                                                            "score": {
                                                                "type": "integer",
                                                                "example": 100
                                                            },
                                                            "game_id": {
                                                                "type": "integer",
                                                                "example": 1
                                                            },
                                                            "user_id": {
                                                                "type": "integer",
                                                                "example": 13
                                                            }
                                                        },
                                                        "type": "object"
                                                    }
                                                }
                                            },
                                            "type": "object"
                                        },
                                        "token": {
                                            "type": "string",
                                            "example": "64|IgvDTlML2k3j8f9g8h7j6k5l4m3n2o1p0q"
                                        }
                                    },
                                    "type": "object"
                                }
                            }
                        }
                    },
                    "500": {
                        "description": "Error inesperado al registrar el usuario",
                        "content": {
                            "application/json": {
                                "schema": {
                                    "properties": {
                                        "message": {
                                            "type": "string",
                                            "example": "Ocurrió un error inesperado al registrar el usuario"
                                        }
                                    },
                                    "type": "object"
                                }
                            }
                        }
                    },
                    "422": {
                        "description": "Errores de validación",
                        "content": {
                            "application/json": {
                                "schema": {
                                    "properties": {
                                        "message": {
                                            "type": "string",
                                            "example": "Los datos enviados no son válidos."
                                        },
                                        "errors": {
                                            "properties": {
                                                "email": {
                                                    "type": "array",
                                                    "items": {
                                                        "type": "string",
                                                        "example": "El campo email es obligatorio."
                                                    }
                                                },
                                                "password": {
                                                    "type": "array",
                                                    "items": {
                                                        "type": "string",
                                                        "example": "La contraseña debe tener al menos 8 caracteres."
                                                    }
                                                }
                                            },
                                            "type": "object"
                                        }
                                    },
                                    "type": "object"
                                }
                            }
                        }
                    }
                }
            }
        },
        "/api/v1/logout": {
            "post": {
                "tags": [
                    "Authentication"
                ],
                "summary": "Cerrar sesión de usuario",
                "description": "Permite a un usuario cerrar sesión eliminando su token de acceso actual",
                "operationId": "b66dd8a7864f561822c01bc8339363fb",
                "responses": {
                    "200": {
                        "description": "Logout exitoso, el token de acceso ha sido eliminado",
                        "content": {
                            "application/json": {
                                "schema": {
                                    "properties": {
                                        "message": {
                                            "type": "string",
                                            "example": "Logout exitoso"
                                        }
                                    },
                                    "type": "object"
                                }
                            }
                        }
                    },
                    "401": {
                        "description": "No autorizado, el usuario no está autenticado",
                        "content": {
                            "application/json": {
                                "schema": {
                                    "properties": {
                                        "message": {
                                            "type": "string",
                                            "example": "Unauthenticated"
                                        }
                                    },
                                    "type": "object"
                                }
                            }
                        }
                    },
                    "500": {
                        "description": "Error al cerrar sesión, no se pudo eliminar el token",
                        "content": {
                            "application/json": {
                                "schema": {
                                    "properties": {
                                        "message": {
                                            "type": "string",
                                            "example": "No se pudo cerrar sesión, intente nuevamente."
                                        }
                                    },
                                    "type": "object"
                                }
                            }
                        }
                    }
                }
            }
        },
        "api/v1/scores/{id}": {
            "patch": {
                "tags": [
                    "Scores"
                ],
                "summary": "Incrementa una puntuación en 10 puntos",
                "operationId": "87f3879c68ea4274cc6d19cc86d9db5a",
                "parameters": [
                    {
                        "name": "id",
                        "in": "path",
                        "required": true,
                        "schema": {
                            "type": "integer"
                        }
                    }
                ],
                "responses": {
                    "200": {
                        "description": "Éxito",
                        "content": {
                            "application/json": {
                                "schema": {
                                    "properties": {
                                        "message": {
                                            "type": "string",
                                            "example": "Score +10 actualizado"
                                        },
                                        "score": {
                                            "type": "integer",
                                            "example": 110
                                        }
                                    },
                                    "type": "object"
                                }
                            }
                        }
                    },
                    "404": {
                        "description": "Score no encontrado",
                        "content": {
                            "application/json": {
                                "schema": {
                                    "properties": {
                                        "message": {
                                            "type": "string",
                                            "example": "No query results for model [App\\\\Models\\\\Score] 123"
                                        }
                                    },
                                    "type": "object"
                                }
                            }
                        }
                    }
                }
            }
        },
        "/api/v1/users/{id}": {
            "get": {
                "tags": [
                    "Users"
                ],
                "summary": "Obtiene un usuario específico con sus puntuaciones, juegos y géneros asociados",
                "description": "Devuelve todos los datos del usuario incluyendo sus puntuaciones en juegos y los géneros de esos juegos",
                "operationId": "0197efcfd303b59ccdaad3e01097a0e0",
                "parameters": [
                    {
                        "name": "id",
                        "in": "path",
                        "description": "ID del usuario",
                        "required": true,
                        "schema": {
                            "type": "integer",
                            "example": 13
                        }
                    }
                ],
                "responses": {
                    "200": {
                        "description": "Datos del usuario obtenidos correctamente",
                        "content": {
                            "application/json": {
                                "schema": {
                                    "properties": {
                                        "id": {
                                            "type": "integer",
                                            "example": 13
                                        },
                                        "name": {
                                            "type": "string",
                                            "example": "anna"
                                        },
                                        "email": {
                                            "type": "string",
                                            "example": "anna@gmail.com"
                                        },
                                        "scores": {
                                            "type": "array",
                                            "items": {
                                                "properties": {
                                                    "id": {
                                                        "type": "integer",
                                                        "example": 37
                                                    },
                                                    "score": {
                                                        "type": "integer",
                                                        "example": 100
                                                    },
                                                    "game": {
                                                        "properties": {
                                                            "id": {
                                                                "type": "integer",
                                                                "example": 1
                                                            },
                                                            "name": {
                                                                "type": "string",
                                                                "example": "Juego Ahorcado"
                                                            },
                                                            "genre": {
                                                                "properties": {
                                                                    "id": {
                                                                        "type": "integer",
                                                                        "example": 1
                                                                    },
                                                                    "name": {
                                                                        "type": "string",
                                                                        "example": "Palabras"
                                                                    }
                                                                },
                                                                "type": "object"
                                                            }
                                                        },
                                                        "type": "object"
                                                    }
                                                },
                                                "type": "object"
                                            }
                                        }
                                    },
                                    "type": "object"
                                }
                            }
                        }
                    },
                    "404": {
                        "description": "Usuario no encontrado",
                        "content": {
                            "application/json": {
                                "schema": {
                                    "properties": {
                                        "message": {
                                            "type": "string",
                                            "example": "No query results for model [App\\\\Models\\\\User] 123"
                                        }
                                    },
                                    "type": "object"
                                }
                            }
                        }
                    }
                }
            },
            "delete": {
                "tags": [
                    "Users"
                ],
                "summary": "Se elimina un usuario con sus puntuaciones asociadas",
                "description": "Elimina un usuario y sus puntuaciones asociadas. Si el usuario no existe, devuelve un mensaje de error.",
                "operationId": "ae967f8cf847f7d2ad9eba19833f58cd",
                "parameters": [
                    {
                        "name": "id",
                        "in": "path",
                        "description": "ID del usuario a eliminar",
                        "required": true,
                        "schema": {
                            "type": "integer",
                            "example": "123"
                        }
                    }
                ],
                "responses": {
                    "200": {
                        "description": "Usuario eliminado correctamente",
                        "content": {
                            "application/json": {
                                "schema": {
                                    "properties": {
                                        "message": {
                                            "type": "string",
                                            "example": "Usuario eliminado correctamente"
                                        }
                                    },
                                    "type": "object"
                                }
                            }
                        }
                    },
                    "404": {
                        "description": "Usuario no encontrado",
                        "content": {
                            "application/json": {
                                "schema": {
                                    "properties": {
                                        "message": {
                                            "type": "string",
                                            "example": "Usuario no encontrado"
                                        }
                                    },
                                    "type": "object"
                                }
                            }
                        }
                    }
                }
            }
        }
    },
    "tags": [
        {
            "name": "Authentication",
            "description": "Operaciones relacionadas con la autenticación de usuarios como login, registro y logout"
        },
        {
            "name": "Scores",
            "description": "Gestión de puntuaciones"
        },
        {
            "name": "Users",
            "description": "Gestión de usuarios"
        }
    ]
}